{"count":1,"gauges":{"My Behavior.CumulativeReward":{"count":6667,"max":-6,"min":-122.921844,"value":-6,"weightedAverage":-7.200143}},"self":12.7562672,"total":869.1020198,"children":{"AgentSendState":{"count":10317,"self":4.2849563999999996,"total":375.96735459999996,"children":{"CollectObservations":{"count":82536,"self":368.97349119999996,"total":368.9734823,"children":null},"CollectDiscreteActionMasks":{"count":82536,"self":0.28465999999999997,"total":0.28465999999999997,"children":null},"AgentInfo.ToProto":{"count":82536,"self":1.0818326999999999,"total":2.4242559,"children":{"GenerateSensorData":{"count":82536,"self":1.3424232,"total":1.3424232,"children":null}}}}},"DecideAction":{"count":10317,"self":101.77090559999999,"total":101.77090369999999,"children":null},"AgentAct":{"count":10317,"self":378.3718656,"total":378.60649739999997,"children":{"AgentInfo.ToProto":{"count":6667,"self":0.1293947,"total":0.2346422,"children":{"GenerateSensorData":{"count":6667,"self":0.1052475,"total":0.1052475,"children":null}}}}}}}