{"count":1,"gauges":{},"self":9.1261736,"total":12.7043894,"children":{"AgentSendState":{"count":615,"self":0.6297929,"total":0.6306974,"children":{"CollectObservations":{"count":615,"self":0.00090449999999999992,"total":0.00090449999999999992,"children":null},"CollectDiscreteActionMasks":{"count":615,"self":0,"total":0,"children":null}}},"DecideAction":{"count":615,"self":0.0030534,"total":0.0030534,"children":null},"AgentAct":{"count":615,"self":2.9434671999999997,"total":2.9434671999999997,"children":null}}}