{"count":1,"gauges":{"My Behavior.CumulativeReward":{"count":1569,"max":-2,"min":-353.463745,"value":-2,"weightedAverage":-15.2066622}},"self":11.1071704,"total":574.0859835,"children":{"AgentSendState":{"count":6617,"self":3.0742241999999997,"total":243.1829936,"children":{"CollectObservations":{"count":52936,"self":238.3136256,"total":238.3136295,"children":null},"CollectDiscreteActionMasks":{"count":52936,"self":0.22609859999999998,"total":0.22609859999999998,"children":null},"AgentInfo.ToProto":{"count":52936,"self":0.6838477,"total":1.5690412999999999,"children":{"GenerateSensorData":{"count":52936,"self":0.88519359999999991,"total":0.88519359999999991,"children":null}}}}},"DecideAction":{"count":6617,"self":67.1859776,"total":67.185975,"children":null},"AgentAct":{"count":6617,"self":252.5570048,"total":252.60785009999998,"children":{"AgentInfo.ToProto":{"count":1569,"self":0.0239335,"total":0.0508505,"children":{"GenerateSensorData":{"count":1569,"self":0.026917,"total":0.026917,"children":null}}}}}}}