{"count":1,"gauges":{"My Behavior.CumulativeReward":{"count":67,"max":-63.96522,"min":-320.376678,"value":-91.2362,"weightedAverage":-115.95089}},"self":21.763336,"total":296.4431588,"children":{"AgentSendState":{"count":17884,"self":1.0479948,"total":125.18319179999999,"children":{"CollectObservations":{"count":17884,"self":94.9052032,"total":94.905203399999991,"children":null},"AgentInfo.ToProto":{"count":17884,"self":0.3241615,"total":29.2299936,"children":{"GenerateSensorData":{"count":17884,"self":28.905833599999998,"total":28.905832099999998,"children":null}}}}},"DecideAction":{"count":17884,"self":69.270367999999991,"total":69.2703703,"children":null},"AgentAct":{"count":17884,"self":80.2122624,"total":80.226261,"children":{"AgentInfo.ToProto":{"count":67,"self":0.0019947,"total":0.0139968,"children":{"GenerateSensorData":{"count":67,"self":0.0120021,"total":0.0120021,"children":null}}}}}}}