{"count":1,"gauges":{"My Behavior.CumulativeReward":{"count":2321,"max":-23.7262039,"min":-501.163574,"value":-28.8532925,"weightedAverage":-30.1639862}},"self":259.892992,"total":4753.0330489,"children":{"AgentSendState":{"count":290051,"self":17.368972799999998,"total":1607.8575847,"children":{"CollectObservations":{"count":290051,"self":1369.1513856,"total":1369.1513931,"children":null},"CollectDiscreteActionMasks":{"count":290051,"self":1.0291892,"total":1.0291892,"children":null},"AgentInfo.ToProto":{"count":290051,"self":4.8953104,"total":220.3080295,"children":{"GenerateSensorData":{"count":290051,"self":215.41271039999998,"total":215.41271899999998,"children":null}}}}},"DecideAction":{"count":290051,"self":1455.4148864,"total":1455.4148675,"children":null},"AgentAct":{"count":290051,"self":1429.7788415999999,"total":1429.8666037,"children":{"AgentInfo.ToProto":{"count":2321,"self":0.0438866,"total":0.0877756,"children":{"GenerateSensorData":{"count":2321,"self":0.043889,"total":0.043889,"children":null}}}}}}}