{"count":1,"gauges":{"My Behavior.CumulativeReward":{"count":9,"max":-6,"min":-10.9214878,"value":-9.822361,"weightedAverage":-7.87836933}},"self":2.5940132,"total":35.196966499999995,"children":{"AgentSendState":{"count":467,"self":0.13583889999999998,"total":16.2919599,"children":{"CollectObservations":{"count":3736,"self":16.1381056,"total":16.1381056,"children":null},"CollectDiscreteActionMasks":{"count":3736,"self":0.0180154,"total":0.0180154,"children":null}}},"DecideAction":{"count":467,"self":0.6112752,"total":0.6112752,"children":null},"AgentAct":{"count":467,"self":15.698721599999999,"total":15.6987209,"children":null}}}