{"count":1,"gauges":{"My Behavior.CumulativeReward":{"count":49,"max":-75.7284851,"min":-1960.755,"value":-82.38844,"weightedAverage":-142.935638}},"self":66.963769599999992,"total":1454.5106531,"children":{"AgentSendState":{"count":36334,"self":7.7655895999999993,"total":586.97946949999994,"children":{"CollectObservations":{"count":109002,"self":574.8453888,"total":574.8453688,"children":null},"CollectDiscreteActionMasks":{"count":109002,"self":0.42570179999999996,"total":0.42570179999999996,"children":null},"AgentInfo.ToProto":{"count":109002,"self":1.6603405,"total":3.9428091999999997,"children":{"GenerateSensorData":{"count":109002,"self":2.2824687999999997,"total":2.2824687,"children":null}}}}},"DecideAction":{"count":36334,"self":241.43203839999998,"total":241.43203649999998,"children":null},"AgentAct":{"count":36334,"self":559.131392,"total":559.1323873,"children":{"AgentInfo.ToProto":{"count":49,"self":0.00099739999999999985,"total":0.00099739999999999985,"children":{"GenerateSensorData":{"count":49,"self":0,"total":0,"children":null}}}}}}}