{"count":1,"gauges":{"My Behavior.CumulativeReward":{"count":31548,"max":149.795471,"min":-3197.315,"value":-102,"weightedAverage":-102.608719}},"self":428.81256959999996,"total":4388.4821899,"children":{"AgentSendState":{"count":380134,"self":28.0912832,"total":1299.0606278,"children":{"CollectObservations":{"count":380134,"self":1253.9091968,"total":1253.9091767999998,"children":null},"CollectDiscreteActionMasks":{"count":380134,"self":1.5501349,"total":1.5501349,"children":null},"AgentInfo.ToProto":{"count":380134,"self":5.9305308,"total":15.5100316,"children":{"GenerateSensorData":{"count":380134,"self":9.5795008,"total":9.5795008,"children":null}}}}},"DecideAction":{"count":380134,"self":2490.0083712,"total":2490.008471,"children":null},"AgentAct":{"count":380134,"self":169.3686784,"total":170.5989999,"children":{"AgentInfo.ToProto":{"count":31548,"self":0.50480419999999993,"total":1.2303226999999999,"children":{"GenerateSensorData":{"count":31548,"self":0.7255185,"total":0.7255185,"children":null}}}}}}}