{"count":1,"gauges":{"My Behavior.CumulativeReward":{"count":427,"max":43.9436226,"min":-3141.29736,"value":-2830.05322,"weightedAverage":-2588.129}},"self":632.802048,"total":5230.5019078,"children":{"AgentSendState":{"count":477634,"self":24.3015856,"total":1770.5164889999999,"children":{"CollectObservations":{"count":477634,"self":1730.4565759999998,"total":1730.4565275,"children":null},"CollectDiscreteActionMasks":{"count":477634,"self":1.5933343999999998,"total":1.5933343999999998,"children":null},"AgentInfo.ToProto":{"count":477634,"self":5.4376048,"total":14.1650412,"children":{"GenerateSensorData":{"count":477634,"self":8.7274359999999991,"total":8.7274362,"children":null}}}}},"DecideAction":{"count":477634,"self":1829.7952255999999,"total":1829.7952294,"children":null},"AgentAct":{"count":477634,"self":997.3731328,"total":997.3861648,"children":{"AgentInfo.ToProto":{"count":427,"self":0.0050136,"total":0.012992799999999999,"children":{"GenerateSensorData":{"count":427,"self":0.0079791999999999988,"total":0.0079791999999999988,"children":null}}}}}}}