{"count":1,"gauges":{"My Behavior.CumulativeReward":{"count":4,"max":-6,"min":-182.607346,"value":-175.893173,"weightedAverage":-101.32412}},"self":34.426316799999995,"total":77.91019949999999,"children":{"AgentSendState":{"count":3847,"self":0.22301179999999998,"total":20.3287661,"children":{"CollectObservations":{"count":3847,"self":20.0933408,"total":20.093339999999998,"children":null},"CollectDiscreteActionMasks":{"count":3847,"self":0.0124143,"total":0.0124143,"children":null}}},"DecideAction":{"count":3847,"self":5.067632,"total":5.0676321,"children":null},"AgentAct":{"count":3847,"self":18.0864864,"total":18.0864859,"children":null}}}