{"count":1,"gauges":{"My Behavior.CumulativeReward":{"count":1,"max":149.992935,"min":149.992935,"value":149.992935,"weightedAverage":149.992935}},"self":22.5670976,"total":23.4400563,"children":{"AgentSendState":{"count":162,"self":0.0119954,"total":0.53272619999999993,"children":{"CollectObservations":{"count":162,"self":0.5197056,"total":0.5197056,"children":null},"CollectDiscreteActionMasks":{"count":162,"self":0.0010252,"total":0.0010252,"children":null}}},"DecideAction":{"count":162,"self":0.26325919999999997,"total":0.26325919999999997,"children":null},"AgentAct":{"count":162,"self":0.0759695,"total":0.0759695,"children":null}}}