{"count":1,"gauges":{"My Behavior.CumulativeReward":{"count":2237,"max":102.256485,"min":-2395.65552,"value":-1119.04663,"weightedAverage":-1003.73669}},"self":161.69376,"total":1324.1211532,"children":{"AgentSendState":{"count":137517,"self":7.5261856,"total":342.8268377,"children":{"CollectObservations":{"count":137517,"self":330.4529664,"total":330.452955,"children":null},"CollectDiscreteActionMasks":{"count":137517,"self":0.4819631,"total":0.4819631,"children":null},"AgentInfo.ToProto":{"count":137517,"self":1.707474,"total":4.3657341,"children":{"GenerateSensorData":{"count":137517,"self":2.65826,"total":2.6582600999999997,"children":null}}}}},"DecideAction":{"count":137517,"self":536.49387519999993,"total":536.4938991,"children":null},"AgentAct":{"count":137517,"self":283.0338816,"total":283.1046918,"children":{"AgentInfo.ToProto":{"count":2237,"self":0.035926099999999996,"total":0.0708198,"children":{"GenerateSensorData":{"count":2237,"self":0.0348937,"total":0.0348937,"children":null}}}}}}}